{
    "Ar36": {
        "error": 0.00059356173805291061, 
        "fit": "parabolic", 
        "value": 0.061785782144704107
    }, 
    "Ar37": {
        "error": 0.01385743634625014, 
        "fit": "linear", 
        "value": 0.046018025950415119
    }, 
    "Ar38": {
        "error": 0.02366419405382552, 
        "fit": "linear", 
        "value": 2.6445175344255665
    }, 
    "Ar39": {
        "error": 0.024896870695507264, 
        "fit": "parabolic", 
        "value": 223.32873319037631
    }, 
    "Ar40": {
        "error": 0.12800608060847291, 
        "fit": "parabolic", 
        "value": 3079.9630072853774
    }, 
    "Ar41": {
        "error": 0.006707233677053958, 
        "fit": "average", 
        "value": 0.30817765012150633
    }
}