{
    "Ar36": {
        "error": 0.00032994731532556289, 
        "fit": "parabolic", 
        "value": 0.011127780467330947
    }, 
    "Ar37": {
        "error": 0.014774434740710522, 
        "fit": "linear", 
        "value": 6.4683896569365471
    }, 
    "Ar38": {
        "error": 0.026451208277510532, 
        "fit": "linear", 
        "value": 15.330004051598811
    }, 
    "Ar39": {
        "error": 0.060763174033779684, 
        "fit": "parabolic", 
        "value": 1245.8206402392232
    }, 
    "Ar40": {
        "error": 0.10561179412577498, 
        "fit": "parabolic", 
        "value": 2113.9993874855099
    }, 
    "Ar41": {
        "error": 0.0066972963184427402, 
        "fit": "average", 
        "value": 0.27807632489944806
    }
}