{
    "Ar36": {
        "error": 0.00032086836142503598, 
        "fit": "parabolic", 
        "value": 0.010065819998477415
    }, 
    "Ar37": {
        "error": 0.013231454927405835, 
        "fit": "linear", 
        "value": 2.7873283149554982
    }, 
    "Ar38": {
        "error": 0.033343050869844251, 
        "fit": "linear", 
        "value": 8.810444962921288
    }, 
    "Ar39": {
        "error": 0.046316344765387853, 
        "fit": "parabolic", 
        "value": 709.14379717002112
    }, 
    "Ar40": {
        "error": 0.082646006691389162, 
        "fit": "parabolic", 
        "value": 1198.0612441591627
    }, 
    "Ar41": {
        "error": 0.0061607426961733693, 
        "fit": "average", 
        "value": 0.0017537609160717693
    }
}