{
    "Ar36": {
        "error": 0.00050188573524790714, 
        "fit": "linear", 
        "value": 0.038736807703942833
    }, 
    "Ar37": {
        "error": 0.023520836549468023, 
        "fit": "linear", 
        "value": 4.591187241615394
    }, 
    "Ar38": {
        "error": 0.061702975556402244, 
        "fit": "linear", 
        "value": 14.975969056373096
    }, 
    "Ar39": {
        "error": 0.091562355990769131, 
        "fit": "linear", 
        "value": 1201.3844338500594
    }, 
    "Ar40": {
        "error": 0.12003378350181267, 
        "fit": "linear", 
        "value": 2050.265370993427
    }, 
    "Ar41": {
        "error": 0.011087267815610254, 
        "fit": "average", 
        "value": 0.029043143289939812
    }
}