{
    "Ar36": {
        "error": 0.00044953706456709957, 
        "fit": "parabolic", 
        "value": 0.028344572394816685
    }, 
    "Ar37": {
        "error": 0.014422528771620693, 
        "fit": "linear", 
        "value": 3.2007023309931615
    }, 
    "Ar38": {
        "error": 0.023639703591200375, 
        "fit": "linear", 
        "value": 8.4420890307363532
    }, 
    "Ar39": {
        "error": 0.044267472716053489, 
        "fit": "parabolic", 
        "value": 687.399131972379
    }, 
    "Ar40": {
        "error": 0.068345119216981456, 
        "fit": "parabolic", 
        "value": 1172.0284636980221
    }, 
    "Ar41": {
        "error": 0.0072285704960159403, 
        "fit": "average", 
        "value": 0.26984089586359916
    }
}