{
    "Ar36": {
        "error": 0.00017507013877962431, 
        "fit": "parabolic", 
        "value": 0.0017350347434661362
    }, 
    "Ar37": {
        "error": 0.013190370803955043, 
        "fit": "linear", 
        "value": 0.02276457748726363
    }, 
    "Ar38": {
        "error": 0.020662967589744594, 
        "fit": "linear", 
        "value": -0.1878783601762562
    }, 
    "Ar39": {
        "error": 0.010380232417700797, 
        "fit": "parabolic", 
        "value": 0.012309478377086456
    }, 
    "Ar40": {
        "error": 0.023673787333780515, 
        "fit": "parabolic", 
        "value": 0.22266783656142919
    }, 
    "Ar41": {
        "error": 0.0061044461510082739, 
        "fit": "average", 
        "value": -0.12257786296715495
    }
}