{
    "AX": {
        "error": 0.0054351811937345855, 
        "fit": "average", 
        "value": 0.011728399415733292
    }, 
    "CDD": {
        "error": 1.2732954928651452e-06, 
        "fit": "average", 
        "value": 1.2732954928651452e-06
    }, 
    "H1": {
        "error": 0.013088069995321316, 
        "fit": "average", 
        "value": 0.006974932425267374
    }, 
    "H2": {
        "error": 0.012064909361956684, 
        "fit": "average", 
        "value": -0.034744016360491514
    }, 
    "L1": {
        "error": 0.028559798791277492, 
        "fit": "average", 
        "value": 0.036669271516924104
    }, 
    "L2": {
        "error": 0.010547741857228636, 
        "fit": "average", 
        "value": 0.014491986875267078
    }
}