{
    "AX": {
        "error": 0.005758254703536979, 
        "fit": "average", 
        "value": -0.15220359593707447
    }, 
    "CDD": {
        "error": 1.7931297770118074e-06, 
        "fit": "average", 
        "value": 2.5465909857302903e-06
    }, 
    "H1": {
        "error": 0.01222850270548444, 
        "fit": "average", 
        "value": 0.06699427971858919
    }, 
    "H2": {
        "error": 0.012186595019084081, 
        "fit": "average", 
        "value": 0.20948751509567956
    }, 
    "L1": {
        "error": 0.020928929848856987, 
        "fit": "average", 
        "value": -0.27574306541937404
    }, 
    "L2": {
        "error": 0.01187747256103897, 
        "fit": "average", 
        "value": 0.011807159041442599
    }
}