{
    "AX": {
        "error": 0.005674172647077927, 
        "fit": "average", 
        "value": 0.01486497822075358
    }, 
    "CDD": {
        "error": 1.6977273238201936e-06, 
        "fit": "average", 
        "value": 1.6977273238201936e-06
    }, 
    "H1": {
        "error": 0.014672125701230682, 
        "fit": "average", 
        "value": -0.01267936434596777
    }, 
    "H2": {
        "error": 0.01481629996888077, 
        "fit": "average", 
        "value": -0.041075403564092186
    }, 
    "L1": {
        "error": 0.022059457558068922, 
        "fit": "average", 
        "value": -0.03692447735617558
    }, 
    "L2": {
        "error": 0.012940990737420313, 
        "fit": "average", 
        "value": -0.08535492068492911
    }
}