{
    "AX": {
        "error": 0.004670659112374082, 
        "fit": "average", 
        "value": 0.0161613517125564
    }, 
    "CDD": {
        "error": 1.2732954928651458e-06, 
        "fit": "average", 
        "value": 1.2732954928651452e-06
    }, 
    "H1": {
        "error": 0.011477032486313625, 
        "fit": "average", 
        "value": -0.018322751556600753
    }, 
    "H2": {
        "error": 0.012684408998132014, 
        "fit": "average", 
        "value": 0.22526956412087504
    }, 
    "L1": {
        "error": 0.020155733592822436, 
        "fit": "average", 
        "value": -0.08289294994077258
    }, 
    "L2": {
        "error": 0.01204207079050986, 
        "fit": "average", 
        "value": 0.01481668500152106
    }
}