{
    "AX": {
        "error": 0.005033617713985314, 
        "fit": "average", 
        "value": -0.002973860197137886
    }, 
    "CDD": {
        "error": 2.5142861981152726e-06, 
        "fit": "average", 
        "value": 5.093181971460581e-06
    }, 
    "H1": {
        "error": 0.01189973924028708, 
        "fit": "average", 
        "value": 0.012465109605843357
    }, 
    "H2": {
        "error": 0.012370617965464594, 
        "fit": "average", 
        "value": -0.06412309341928145
    }, 
    "L1": {
        "error": 0.01356479876713382, 
        "fit": "average", 
        "value": -0.18922799632418902
    }, 
    "L2": {
        "error": 0.010954272218421756, 
        "fit": "average", 
        "value": 0.11577228143796674
    }
}