{
    "AX": {
        "error": 0.004994615899631387, 
        "fit": "average", 
        "value": -0.010582181888942917
    }, 
    "CDD": {
        "error": 1.7931297770118078e-06, 
        "fit": "average", 
        "value": 2.5465909857302903e-06
    }, 
    "H1": {
        "error": 0.011018734680407826, 
        "fit": "average", 
        "value": 0.01696550769362754
    }, 
    "H2": {
        "error": 0.011878329670279617, 
        "fit": "average", 
        "value": 0.2017444893096884
    }, 
    "L1": {
        "error": 0.012256933726879785, 
        "fit": "average", 
        "value": -0.1458532370607524
    }, 
    "L2": {
        "error": 0.010736722478200466, 
        "fit": "average", 
        "value": 0.14230140869622118
    }
}