{
    "Ar36": {
        "error": 0.00067201502146935752, 
        "fit": "linear", 
        "value": 0.071950044291363369
    }, 
    "Ar37": {
        "error": 0.024990994474270462, 
        "fit": "linear", 
        "value": 4.3273585443412141
    }, 
    "Ar38": {
        "error": 0.032120720885851398, 
        "fit": "linear", 
        "value": 35.932295386194781
    }, 
    "Ar39": {
        "error": 0.12047977806630275, 
        "fit": "linear", 
        "value": 2871.798027522239
    }, 
    "Ar40": {
        "error": 0.17956317393816987, 
        "fit": "linear", 
        "value": 4923.1040907186016
    }, 
    "Ar41": {
        "error": 0.011220384478785556, 
        "fit": "average", 
        "value": 0.34992788337171077
    }
}