{
    "Ar36": {
        "error": 0.00039971492296265125, 
        "fit": "linear", 
        "value": 0.033119545712115464
    }, 
    "Ar37": {
        "error": 0.026292267688220825, 
        "fit": "linear", 
        "value": 0.94765570951745182
    }, 
    "Ar38": {
        "error": 0.028117604690969127, 
        "fit": "linear", 
        "value": 11.961748031469556
    }, 
    "Ar39": {
        "error": 0.12067096306746707, 
        "fit": "linear", 
        "value": 960.55391357233782
    }, 
    "Ar40": {
        "error": 0.098353150669068662, 
        "fit": "linear", 
        "value": 1642.3225775441711
    }, 
    "Ar41": {
        "error": 0.011410459898704737, 
        "fit": "average", 
        "value": -0.02492841260759936
    }
}