{
    "AX": {
        "error": 0.012868769250768455, 
        "fit": "average", 
        "value": -0.010488152515608817
    }, 
    "CDD": {
        "error": 1.2516668346820506e-05, 
        "fit": "average", 
        "value": 1.0695679429773009e-05
    }, 
    "H1": {
        "error": 0.029984288603319614, 
        "fit": "average", 
        "value": -0.04641490259673446
    }, 
    "H2": {
        "error": 0.025818542689417513, 
        "fit": "average", 
        "value": -0.02762064361013472
    }, 
    "L1": {
        "error": 0.025252904667753696, 
        "fit": "average", 
        "value": -0.003312532533891499
    }, 
    "L2": {
        "error": 0.025267404261914615, 
        "fit": "average", 
        "value": -0.050715034501627086
    }
}