{
    "AX": {
        "error": 0.011344909408705344, 
        "fit": "average", 
        "value": -0.027224409254267813
    }, 
    "CDD": {
        "error": 1.051610484266193e-05, 
        "fit": "average", 
        "value": 3.055906381632667e-06
    }, 
    "H1": {
        "error": 0.020529070646590743, 
        "fit": "average", 
        "value": -0.05096782052423805
    }, 
    "H2": {
        "error": 0.022616142827493527, 
        "fit": "average", 
        "value": -0.08641314767301082
    }, 
    "L1": {
        "error": 0.0302651746696617, 
        "fit": "average", 
        "value": -0.018754007387906314
    }, 
    "L2": {
        "error": 0.03687003378630542, 
        "fit": "average", 
        "value": -0.08036488215439022
    }
}