{
    "Ar36": {
        "error": 0.00030631164045478906, 
        "fit": "linear", 
        "value": 0.009862532563455189
    }, 
    "Ar37": {
        "error": 0.024670982312443079, 
        "fit": "linear", 
        "value": 1.424991637918577
    }, 
    "Ar38": {
        "error": 0.029922472110979582, 
        "fit": "linear", 
        "value": 11.375098557744312
    }, 
    "Ar39": {
        "error": 0.060348615450635142, 
        "fit": "linear", 
        "value": 927.09760809073396
    }, 
    "Ar40": {
        "error": 0.097145762043478426, 
        "fit": "linear", 
        "value": 1574.8900518989929
    }, 
    "Ar41": {
        "error": 0.011147277358684624, 
        "fit": "average", 
        "value": -0.0087334144317234557
    }
}