{
    "Ar36": {
        "error": 0.00027201272772443472, 
        "fit": "linear", 
        "value": 0.0075242889251896164
    }, 
    "Ar37": {
        "error": 0.025676246079940138, 
        "fit": "linear", 
        "value": 1.399247137849863
    }, 
    "Ar38": {
        "error": 0.035188453507699648, 
        "fit": "linear", 
        "value": 8.5047837450738086
    }, 
    "Ar39": {
        "error": 0.053099322084705851, 
        "fit": "linear", 
        "value": 689.40086050441016
    }, 
    "Ar40": {
        "error": 0.078002374323709878, 
        "fit": "linear", 
        "value": 1163.4922939794483
    }, 
    "Ar41": {
        "error": 0.010751505427204065, 
        "fit": "average", 
        "value": 0.18339306570977593
    }
}