{
    "Ar36": {
        "error": 0.00029140172412678994, 
        "fit": "linear", 
        "value": 0.0066988036309896457
    }, 
    "Ar37": {
        "error": 0.026301732372783462, 
        "fit": "linear", 
        "value": 1.2373932283221591
    }, 
    "Ar38": {
        "error": 0.037393412899363793, 
        "fit": "linear", 
        "value": 7.4426170706996864
    }, 
    "Ar39": {
        "error": 0.047400993294844936, 
        "fit": "linear", 
        "value": 615.43384140529588
    }, 
    "Ar40": {
        "error": 0.085696925072187707, 
        "fit": "linear", 
        "value": 1038.9211804317529
    }, 
    "Ar41": {
        "error": 0.010631253232219086, 
        "fit": "average", 
        "value": 0.17568620692938566
    }
}