{
    "Ar36": {
        "error": 0.00039906670158306476, 
        "fit": "linear", 
        "value": 0.025348179544580102
    }, 
    "Ar37": {
        "error": 0.0283577202019893, 
        "fit": "linear", 
        "value": 3.48059912518519
    }, 
    "Ar38": {
        "error": 0.040852380047207183, 
        "fit": "linear", 
        "value": 17.769876661891274
    }, 
    "Ar39": {
        "error": 0.089580221249911954, 
        "fit": "linear", 
        "value": 1430.0154751499076
    }, 
    "Ar40": {
        "error": 0.12238242288719008, 
        "fit": "linear", 
        "value": 2421.5329699496251
    }, 
    "Ar41": {
        "error": 0.010334028019438262, 
        "fit": "average", 
        "value": 0.21713675313939651
    }
}