{
    "Ar36": {
        "error": 0.00044995307804628651, 
        "fit": "linear", 
        "value": 0.029276259285906953
    }, 
    "Ar37": {
        "error": 0.021935281471156528, 
        "fit": "linear", 
        "value": 1.8520935301272083
    }, 
    "Ar38": {
        "error": 0.027983182771680267, 
        "fit": "linear", 
        "value": 18.315811789848176
    }, 
    "Ar39": {
        "error": 0.083642048429421703, 
        "fit": "linear", 
        "value": 1485.1896654829247
    }, 
    "Ar40": {
        "error": 0.11233453220450429, 
        "fit": "linear", 
        "value": 2545.1875168369106
    }, 
    "Ar41": {
        "error": 0.011092654656214718, 
        "fit": "average", 
        "value": 0.29411024599025648
    }
}