{
    "Ar36": {
        "error": 0.00062056743766573821, 
        "fit": "parabolic", 
        "value": 0.015121905982203169
    }, 
    "Ar37": {
        "error": 0.022015383222283681, 
        "fit": "linear", 
        "value": 0.14306548275687173
    }, 
    "Ar38": {
        "error": 0.032260849274581775, 
        "fit": "linear", 
        "value": 2.0637406266869909
    }, 
    "Ar39": {
        "error": 0.079111077650435138, 
        "fit": "parabolic", 
        "value": 177.95785611585598
    }, 
    "Ar40": {
        "error": 0.38188291989801837, 
        "fit": "parabolic", 
        "value": 5812.6824318123781
    }, 
    "Ar41": {
        "error": 0.0082564580620015961, 
        "fit": "average", 
        "value": 0.069348117118875549
    }
}