{
    "Ar36": {
        "error": 0.0003463722037377051, 
        "fit": "parabolic", 
        "value": 0.019767586697610917
    }, 
    "Ar37": {
        "error": 0.013509866412370716, 
        "fit": "linear", 
        "value": 2.1064236840494797
    }, 
    "Ar38": {
        "error": 0.021679954059926891, 
        "fit": "linear", 
        "value": 13.063341922740456
    }, 
    "Ar39": {
        "error": 0.054873389805981304, 
        "fit": "parabolic", 
        "value": 1067.6407401464126
    }, 
    "Ar40": {
        "error": 0.090747692562272886, 
        "fit": "parabolic", 
        "value": 1823.3942153032092
    }, 
    "Ar41": {
        "error": 0.006333626181367822, 
        "fit": "average", 
        "value": -0.071193755107524334
    }
}