{
    "Ar36": {
        "error": 0.00031696484333115874, 
        "fit": "linear", 
        "value": 0.011056629674054141
    }, 
    "Ar37": {
        "error": 0.027273779342474148, 
        "fit": "linear", 
        "value": 3.3017450477862358
    }, 
    "Ar38": {
        "error": 0.046128565384408841, 
        "fit": "linear", 
        "value": 19.016256717585939
    }, 
    "Ar39": {
        "error": 0.10102213729550116, 
        "fit": "linear", 
        "value": 1531.7005695965081
    }, 
    "Ar40": {
        "error": 0.14309987841896454, 
        "fit": "linear", 
        "value": 2602.7508660562498
    }, 
    "Ar41": {
        "error": 0.0092272195900115501, 
        "fit": "average", 
        "value": -0.054817588864825663
    }
}