{
    "Ar36": {
        "error": 0.00025556979926648029, 
        "fit": "linear", 
        "value": 0.0072834599015025783
    }, 
    "Ar37": {
        "error": 0.02575791141475179, 
        "fit": "linear", 
        "value": 2.7152842225024236
    }, 
    "Ar38": {
        "error": 0.049769860614178853, 
        "fit": "linear", 
        "value": 6.2502333862184676
    }, 
    "Ar39": {
        "error": 0.040111264177290593, 
        "fit": "linear", 
        "value": 499.78610038137731
    }, 
    "Ar40": {
        "error": 0.075034597681949602, 
        "fit": "linear", 
        "value": 854.40045125908159
    }, 
    "Ar41": {
        "error": 0.010883978619937012, 
        "fit": "average", 
        "value": -0.077811715705320236
    }
}