{
    "Ar36": {
        "error": 0.00022767582368188425, 
        "fit": "linear", 
        "value": 0.0078839511691957305
    }, 
    "Ar37": {
        "error": 0.026514371623060806, 
        "fit": "linear", 
        "value": 0.42928610856467353
    }, 
    "Ar38": {
        "error": 0.042379400552545479, 
        "fit": "linear", 
        "value": 2.4036231308405789
    }, 
    "Ar39": {
        "error": 0.028027892708308719, 
        "fit": "linear", 
        "value": 204.15393561231434
    }, 
    "Ar40": {
        "error": 0.046539009716705215, 
        "fit": "linear", 
        "value": 350.82759957532039
    }, 
    "Ar41": {
        "error": 0.010295356920259027, 
        "fit": "average", 
        "value": 0.16396571510937064
    }
}