{
    "Ar36": {
        "error": 0.00030516054065342552, 
        "fit": "linear", 
        "value": 0.0099680667658703613
    }, 
    "Ar37": {
        "error": 0.025259906818436349, 
        "fit": "linear", 
        "value": 1.8682618511977047
    }, 
    "Ar38": {
        "error": 0.040371604219433824, 
        "fit": "linear", 
        "value": 10.971037448336231
    }, 
    "Ar39": {
        "error": 0.056832548809619313, 
        "fit": "linear", 
        "value": 893.50026276051062
    }, 
    "Ar40": {
        "error": 0.091331443407349, 
        "fit": "linear", 
        "value": 1523.7514484529411
    }, 
    "Ar41": {
        "error": 0.0096598540688640974, 
        "fit": "average", 
        "value": 0.19799909087208409
    }
}