{
    "Ar36": {
        "error": 0.00031276039495996304, 
        "fit": "linear", 
        "value": 0.014087256722743755
    }, 
    "Ar37": {
        "error": 0.022020659137790232, 
        "fit": "linear", 
        "value": 3.6756841113554062
    }, 
    "Ar38": {
        "error": 0.054550701071563013, 
        "fit": "linear", 
        "value": 12.979354468060784
    }, 
    "Ar39": {
        "error": 0.069897683648984923, 
        "fit": "linear", 
        "value": 1047.2256378568013
    }, 
    "Ar40": {
        "error": 0.1144251887154252, 
        "fit": "linear", 
        "value": 1790.325608062464
    }, 
    "Ar41": {
        "error": 0.011139867835173754, 
        "fit": "average", 
        "value": 0.2955525132454932
    }
}