{
    "Ar36": {
        "error": 0.00034170936733502149, 
        "fit": "linear", 
        "value": 0.01497387123953851
    }, 
    "Ar37": {
        "error": 0.024618645327440677, 
        "fit": "linear", 
        "value": 3.4547139208222513
    }, 
    "Ar38": {
        "error": 0.04865029728401267, 
        "fit": "linear", 
        "value": 12.472830551733562
    }, 
    "Ar39": {
        "error": 0.055221134780246615, 
        "fit": "linear", 
        "value": 991.92755556937345
    }, 
    "Ar40": {
        "error": 0.11672522127830726, 
        "fit": "linear", 
        "value": 1695.6867422780194
    }, 
    "Ar41": {
        "error": 0.010714873834637005, 
        "fit": "average", 
        "value": 0.26636662100131314
    }
}