{
    "Ar36": {
        "error": 0.0004534872469332735, 
        "fit": "parabolic", 
        "value": 0.007597631081668433
    }, 
    "Ar37": {
        "error": 0.026417835808464549, 
        "fit": "linear", 
        "value": 2.4518038781000033
    }, 
    "Ar38": {
        "error": 0.060347561195908353, 
        "fit": "linear", 
        "value": 8.8050533157969006
    }, 
    "Ar39": {
        "error": 0.085805080351386481, 
        "fit": "parabolic", 
        "value": 704.84955657724186
    }, 
    "Ar40": {
        "error": 0.1662465155019614, 
        "fit": "parabolic", 
        "value": 1205.6488267831071
    }, 
    "Ar41": {
        "error": 0.010546395399258114, 
        "fit": "average", 
        "value": 0.011376327047279726
    }
}