{
    "Ar36": {
        "error": 0.00037242275923726899, 
        "fit": "parabolic", 
        "value": 0.012440399851889324
    }, 
    "Ar37": {
        "error": 0.013894140277948034, 
        "fit": "linear", 
        "value": 8.4418720609673521
    }, 
    "Ar38": {
        "error": 0.025161902030330356, 
        "fit": "linear", 
        "value": 22.69055713290637
    }, 
    "Ar39": {
        "error": 0.071803696207344864, 
        "fit": "parabolic", 
        "value": 1837.4028590422404
    }, 
    "Ar40": {
        "error": 0.12205795262435108, 
        "fit": "parabolic", 
        "value": 3130.3520614724475
    }, 
    "Ar41": {
        "error": 0.0065273264865072528, 
        "fit": "average", 
        "value": 0.3156292711873539
    }
}