{
    "Ar36": {
        "error": 0.00024125638398507163, 
        "fit": "parabolic", 
        "value": 0.0057850849601287042
    }, 
    "Ar37": {
        "error": 0.014604922056674746, 
        "fit": "linear", 
        "value": 1.4137993499391222
    }, 
    "Ar38": {
        "error": 0.024125888186919797, 
        "fit": "linear", 
        "value": 3.5053754215028872
    }, 
    "Ar39": {
        "error": 0.030797900773350134, 
        "fit": "parabolic", 
        "value": 303.18125584563609
    }, 
    "Ar40": {
        "error": 0.048736136062788322, 
        "fit": "parabolic", 
        "value": 518.07618941715691
    }, 
    "Ar41": {
        "error": 0.0063087434528354266, 
        "fit": "average", 
        "value": 0.2248911655896518
    }
}