{
    "Ar36": {
        "error": 0.00024879477520197042, 
        "fit": "parabolic", 
        "value": 0.0061937190877303164
    }, 
    "Ar37": {
        "error": 0.013790888398670547, 
        "fit": "linear", 
        "value": 1.776896481736544
    }, 
    "Ar38": {
        "error": 0.025851359144825069, 
        "fit": "linear", 
        "value": 5.284430197382127
    }, 
    "Ar39": {
        "error": 0.03490557222633936, 
        "fit": "parabolic", 
        "value": 441.22774318290476
    }, 
    "Ar40": {
        "error": 0.059837467507684101, 
        "fit": "parabolic", 
        "value": 751.88923337148526
    }, 
    "Ar41": {
        "error": 0.0067601366184294291, 
        "fit": "average", 
        "value": 0.24788003883091733
    }
}