{
    "Ar36": {
        "error": 0.00046527074681875505, 
        "fit": "parabolic", 
        "value": 0.017903252303100484
    }, 
    "Ar37": {
        "error": 0.013418949944478934, 
        "fit": "linear", 
        "value": 4.4026778962306476
    }, 
    "Ar38": {
        "error": 0.027009311028053182, 
        "fit": "linear", 
        "value": 11.851582418643702
    }, 
    "Ar39": {
        "error": 0.052370112174453205, 
        "fit": "parabolic", 
        "value": 945.83468462064423
    }, 
    "Ar40": {
        "error": 0.08401224757278275, 
        "fit": "parabolic", 
        "value": 1600.798417161232
    }, 
    "Ar41": {
        "error": 0.0067898479999737582, 
        "fit": "average", 
        "value": 0.27168426015181468
    }
}