{
    "Ar36": {
        "error": 0.00033204344100798476, 
        "fit": "parabolic", 
        "value": 0.0089103635699048986
    }, 
    "Ar37": {
        "error": 0.014616650514924617, 
        "fit": "linear", 
        "value": 6.8258782434100436
    }, 
    "Ar38": {
        "error": 0.024847192093572737, 
        "fit": "linear", 
        "value": 19.60706545780684
    }, 
    "Ar39": {
        "error": 0.064279834650904102, 
        "fit": "parabolic", 
        "value": 1594.1291815697796
    }, 
    "Ar40": {
        "error": 0.11862091527700709, 
        "fit": "parabolic", 
        "value": 2706.3855376072743
    }, 
    "Ar41": {
        "error": 0.0069131306375483318, 
        "fit": "average", 
        "value": 0.048458694936125542
    }
}