{
    "AX": {
        "error": 0.006836976483115968, 
        "fit": "average", 
        "value": 0.050763888831230966
    }, 
    "CDD": {
        "error": 1.4688534499328702e-05, 
        "fit": "average", 
        "value": 0.00018080795998685062
    }, 
    "H1": {
        "error": 0.010859126589434793, 
        "fit": "average", 
        "value": 0.038841899527263496
    }, 
    "H2": {
        "error": 0.0114764869306621, 
        "fit": "average", 
        "value": -0.02897510945913382
    }, 
    "L1": {
        "error": 0.02509805729832286, 
        "fit": "average", 
        "value": 0.024936977794277483
    }, 
    "L2": {
        "error": 0.012811755441189801, 
        "fit": "average", 
        "value": 0.02963802827774392
    }
}