{
    "AX": {
        "error": 0.006047676901815396, 
        "fit": "average", 
        "value": -0.1326401860375578
    }, 
    "CDD": {
        "error": 1.2984592509975989e-05, 
        "fit": "average", 
        "value": 0.00013369602675084025
    }, 
    "H1": {
        "error": 0.010715608538337024, 
        "fit": "average", 
        "value": 0.07303684279759182
    }, 
    "H2": {
        "error": 0.012442599819950823, 
        "fit": "average", 
        "value": 0.23063209536485374
    }, 
    "L1": {
        "error": 0.021150371672403894, 
        "fit": "average", 
        "value": -0.2330087374546565
    }, 
    "L2": {
        "error": 0.01157467380869153, 
        "fit": "average", 
        "value": -0.011959899458937192
    }
}