{
    "AX": {
        "error": 0.005092899349054145, 
        "fit": "average", 
        "value": -0.14941697702549087
    }, 
    "CDD": {
        "error": 1.7216515034671787e-05, 
        "fit": "average", 
        "value": 0.00020627386984415353
    }, 
    "H1": {
        "error": 0.010655510668999744, 
        "fit": "average", 
        "value": 0.0673071701827818
    }, 
    "H2": {
        "error": 0.010925508646698123, 
        "fit": "average", 
        "value": -0.03991646262341722
    }, 
    "L1": {
        "error": 0.019446896227255782, 
        "fit": "average", 
        "value": -0.2465439847515275
    }, 
    "L2": {
        "error": 0.012017379323742007, 
        "fit": "average", 
        "value": -0.010987232345117566
    }
}