{
    "AX": {
        "error": 0.005538543605507181, 
        "fit": "average", 
        "value": -0.13849973254837095
    }, 
    "CDD": {
        "error": 1.752553227460714e-05, 
        "fit": "average", 
        "value": 0.00022410000771439325
    }, 
    "H1": {
        "error": 0.010873773984505397, 
        "fit": "average", 
        "value": 0.039088968362193555
    }, 
    "H2": {
        "error": 0.011796301537737253, 
        "fit": "average", 
        "value": 0.22410588474400964
    }, 
    "L1": {
        "error": 0.020683783456448293, 
        "fit": "average", 
        "value": -0.23550716881485034
    }, 
    "L2": {
        "error": 0.010482974100919622, 
        "fit": "average", 
        "value": -0.020901931694243103
    }
}