{
    "AX": {
        "error": 0.008360169363841477, 
        "fit": "average", 
        "value": 0.04191098494435816
    }, 
    "CDD": {
        "error": 1.3510095759037133e-05, 
        "fit": "average", 
        "value": 0.00011544545801977317
    }, 
    "H1": {
        "error": 0.011685134062165205, 
        "fit": "average", 
        "value": 0.013445535519470772
    }, 
    "H2": {
        "error": 0.013532564402608555, 
        "fit": "average", 
        "value": -0.02954910758805151
    }, 
    "L1": {
        "error": 0.03248860022328246, 
        "fit": "average", 
        "value": 0.013108987371540731
    }, 
    "L2": {
        "error": 0.013007810592773433, 
        "fit": "average", 
        "value": -0.018226644120942284
    }
}