{
    "AX": {
        "error": 0.007502583103069456, 
        "fit": "average", 
        "value": 0.04396796933013118
    }, 
    "CDD": {
        "error": 2.3428526907662623e-05, 
        "fit": "average", 
        "value": 0.00023598409930451048
    }, 
    "H1": {
        "error": 0.01345462553578933, 
        "fit": "average", 
        "value": 0.009341605596192595
    }, 
    "H2": {
        "error": 0.015687218400249503, 
        "fit": "average", 
        "value": -0.02209215426377745
    }, 
    "L1": {
        "error": 0.032104197375128055, 
        "fit": "average", 
        "value": 0.03527231346815825
    }, 
    "L2": {
        "error": 0.014074485149315991, 
        "fit": "average", 
        "value": 0.0013948783330205415
    }
}