{
    "AX": {
        "error": 0.006276441724227647, 
        "fit": "average", 
        "value": 0.026756512390501384
    }, 
    "CDD": {
        "error": 1.2364880835966792e-05, 
        "fit": "average", 
        "value": 7.97931842195491e-05
    }, 
    "H1": {
        "error": 0.012931119486069466, 
        "fit": "average", 
        "value": 0.009220517173202502
    }, 
    "H2": {
        "error": 0.01407728006931484, 
        "fit": "average", 
        "value": -0.035331054326767725
    }, 
    "L1": {
        "error": 0.03585569095588238, 
        "fit": "average", 
        "value": 0.051673586687280074
    }, 
    "L2": {
        "error": 0.01570514716242612, 
        "fit": "average", 
        "value": -0.02878013340006065
    }
}