{
    "AX": {
        "error": 0.006566981598812316, 
        "fit": "average", 
        "value": 0.016863128738219126
    }, 
    "CDD": {
        "error": 1.2694427538257953e-05, 
        "fit": "average", 
        "value": 0.000105259094076852
    }, 
    "H1": {
        "error": 0.011858034433685237, 
        "fit": "average", 
        "value": 0.013885626478845047
    }, 
    "H2": {
        "error": 0.012078848302152391, 
        "fit": "average", 
        "value": -0.043992841115232294
    }, 
    "L1": {
        "error": 0.03166467425860202, 
        "fit": "average", 
        "value": 0.03138134829674123
    }, 
    "L2": {
        "error": 0.012155164761417583, 
        "fit": "average", 
        "value": 0.011810451331419043
    }
}