{
    "AX": {
        "error": 0.005902238539405727, 
        "fit": "average", 
        "value": 0.021697641851521135
    }, 
    "CDD": {
        "error": 7.944724736057214e-06, 
        "fit": "average", 
        "value": 4.923409239078562e-05
    }, 
    "H1": {
        "error": 0.011541942042175658, 
        "fit": "average", 
        "value": -0.02160125886504021
    }, 
    "H2": {
        "error": 0.01285410573621551, 
        "fit": "average", 
        "value": -0.027796081104315817
    }, 
    "L1": {
        "error": 0.021136893665931047, 
        "fit": "average", 
        "value": -0.040016418266006645
    }, 
    "L2": {
        "error": 0.013117701491085963, 
        "fit": "average", 
        "value": -0.12311891057890736
    }
}