{
    "AX": {
        "error": 0.007152938359231628, 
        "fit": "average", 
        "value": 0.026402599741898788
    }, 
    "CDD": {
        "error": 1.1337400393693139e-05, 
        "fit": "average", 
        "value": 8.658409351482987e-05
    }, 
    "H1": {
        "error": 0.01427486437941441, 
        "fit": "average", 
        "value": -0.012113764478514592
    }, 
    "H2": {
        "error": 0.012252937430895401, 
        "fit": "average", 
        "value": -0.030713964527886776
    }, 
    "L1": {
        "error": 0.025242972849718565, 
        "fit": "average", 
        "value": -0.026029084356398217
    }, 
    "L2": {
        "error": 0.015324838173731007, 
        "fit": "average", 
        "value": -0.12488871317149865
    }
}