{
    "AX": {
        "error": 0.08467913852864443, 
        "fit": "average", 
        "value": 0.11087718741230977
    }, 
    "CDD": {
        "error": 1.3145613084809035e-05, 
        "fit": "average", 
        "value": 0.00013921364055325587
    }, 
    "H1": {
        "error": 0.013845949734365738, 
        "fit": "average", 
        "value": 0.07577318158000708
    }, 
    "H2": {
        "error": 0.012855082992568222, 
        "fit": "average", 
        "value": -0.018585850483375705
    }, 
    "L1": {
        "error": 0.014563477893226724, 
        "fit": "average", 
        "value": -0.161515769038427
    }, 
    "L2": {
        "error": 0.015104280642004772, 
        "fit": "average", 
        "value": -0.017639620544408294
    }
}