{
    "AX": {
        "error": 0.007177466234089478, 
        "fit": "average", 
        "value": 0.015869786711280337
    }, 
    "CDD": {
        "error": 1.671195697951455e-05, 
        "fit": "average", 
        "value": 0.0001595863684390982
    }, 
    "H1": {
        "error": 0.01257605936232008, 
        "fit": "average", 
        "value": 0.032961006591924365
    }, 
    "H2": {
        "error": 0.014211312900699621, 
        "fit": "average", 
        "value": -0.02726400365225143
    }, 
    "L1": {
        "error": 0.018649377959491245, 
        "fit": "average", 
        "value": -0.18926725715347048
    }, 
    "L2": {
        "error": 0.01484557488583391, 
        "fit": "average", 
        "value": 0.1344405017948399
    }
}