{
    "AX": {
        "error": 0.008034030956855122, 
        "fit": "average", 
        "value": 0.010584053819669256
    }, 
    "CDD": {
        "error": 2.035125653483639e-05, 
        "fit": "average", 
        "value": 0.0002393795526586473
    }, 
    "H1": {
        "error": 0.013229776056542207, 
        "fit": "average", 
        "value": 0.037870846637007266
    }, 
    "H2": {
        "error": 0.014082873133593505, 
        "fit": "average", 
        "value": 0.21860288621650803
    }, 
    "L1": {
        "error": 0.019063753523526017, 
        "fit": "average", 
        "value": -0.18633441863219358
    }, 
    "L2": {
        "error": 0.01285133681116982, 
        "fit": "average", 
        "value": 0.13832763829268516
    }
}