{
    "AX": {
        "error": 0.005062323098164779, 
        "fit": "average", 
        "value": 0.03939609288087619
    }, 
    "CDD": {
        "error": 1.486555561491745e-05, 
        "fit": "average", 
        "value": 0.00014006250421516597
    }, 
    "H1": {
        "error": 0.01156957478434804, 
        "fit": "average", 
        "value": 0.014646599976549624
    }, 
    "H2": {
        "error": 0.012565988309327982, 
        "fit": "average", 
        "value": -0.12671046212199144
    }, 
    "L1": {
        "error": 0.018226283609974865, 
        "fit": "average", 
        "value": -0.19189136859689218
    }, 
    "L2": {
        "error": 0.012138962772167099, 
        "fit": "average", 
        "value": -0.021971127729678606
    }
}