{
    "AX": {
        "error": 0.006977027005579761, 
        "fit": "average", 
        "value": 0.019357259356830685
    }, 
    "CDD": {
        "error": 1.0587020029625255e-05, 
        "fit": "average", 
        "value": 7.300227492426833e-05
    }, 
    "H1": {
        "error": 0.01275233609063785, 
        "fit": "average", 
        "value": -0.015591161029361603
    }, 
    "H2": {
        "error": 0.013440918118670996, 
        "fit": "average", 
        "value": 0.0035074632692461212
    }, 
    "L1": {
        "error": 0.021827655582637124, 
        "fit": "average", 
        "value": -0.004531689417651958
    }, 
    "L2": {
        "error": 0.015161328348560727, 
        "fit": "average", 
        "value": -0.11817830819119182
    }
}