{
    "AX": {
        "error": 0.009153496391320317, 
        "fit": "average", 
        "value": 0.026778760477221417
    }, 
    "CDD": {
        "error": 1.9201689936726404e-05, 
        "fit": "average", 
        "value": 0.00022919318871572614
    }, 
    "H1": {
        "error": 0.01361859174219237, 
        "fit": "average", 
        "value": 0.025370777492126864
    }, 
    "H2": {
        "error": 0.012415304110711855, 
        "fit": "average", 
        "value": -0.1265590384292106
    }, 
    "L1": {
        "error": 0.020082920908998273, 
        "fit": "average", 
        "value": -0.22380319597044337
    }, 
    "L2": {
        "error": 0.013389289234669156, 
        "fit": "average", 
        "value": -0.05767939659870333
    }
}