{
    "AX": {
        "error": 0.00713453522344868, 
        "fit": "average", 
        "value": 0.008828962752401519
    }, 
    "CDD": {
        "error": 1.537673427149517e-05, 
        "fit": "average", 
        "value": 0.00011374773069595297
    }, 
    "H1": {
        "error": 0.011686810498055247, 
        "fit": "average", 
        "value": 0.04436509898837863
    }, 
    "H2": {
        "error": 0.01313543272474424, 
        "fit": "average", 
        "value": 0.14859231647052284
    }, 
    "L1": {
        "error": 0.020021314142660653, 
        "fit": "average", 
        "value": -0.2079078762468675
    }, 
    "L2": {
        "error": 0.012581585071903779, 
        "fit": "average", 
        "value": -0.016329570254310966
    }
}