{
    "AX": {
        "error": 0.007466251544715041, 
        "fit": "average", 
        "value": 0.00591608785196311
    }, 
    "CDD": {
        "error": 1.7548514495864154e-05, 
        "fit": "average", 
        "value": 0.00013412045858179528
    }, 
    "H1": {
        "error": 0.014146307422985694, 
        "fit": "average", 
        "value": 0.059602267114031646
    }, 
    "H2": {
        "error": 0.012338021312761181, 
        "fit": "average", 
        "value": 0.16533334580146605
    }, 
    "L1": {
        "error": 0.020458836473082692, 
        "fit": "average", 
        "value": -0.186616832795658
    }, 
    "L2": {
        "error": 0.013126976884356172, 
        "fit": "average", 
        "value": -0.0037231604284089473
    }
}