{
    "AX": {
        "error": 0.004964990340366883, 
        "fit": "average", 
        "value": -0.14714305754750967
    }, 
    "CDD": {
        "error": 8.478287013101754e-06, 
        "fit": "average", 
        "value": 4.838522872887552e-05
    }, 
    "H1": {
        "error": 0.011765429284652958, 
        "fit": "average", 
        "value": 0.036063616905206194
    }, 
    "H2": {
        "error": 0.010687111710766795, 
        "fit": "average", 
        "value": 0.20955777507818615
    }, 
    "L1": {
        "error": 0.019511776443515642, 
        "fit": "average", 
        "value": -0.25576822365789365
    }, 
    "L2": {
        "error": 0.012078587940959541, 
        "fit": "average", 
        "value": -0.01661325608341334
    }
}