{
    "AX": {
        "error": 0.0061574024728169975, 
        "fit": "average", 
        "value": -0.11774991000614439
    }, 
    "CDD": {
        "error": 1.371132826321881e-05, 
        "fit": "average", 
        "value": 0.0001515221636509523
    }, 
    "H1": {
        "error": 0.011526985857504675, 
        "fit": "average", 
        "value": 0.06946182373600701
    }, 
    "H2": {
        "error": 0.011882619652460479, 
        "fit": "average", 
        "value": -0.012774445209652185
    }, 
    "L1": {
        "error": 0.01886856066007752, 
        "fit": "average", 
        "value": -0.2435164272193409
    }, 
    "L2": {
        "error": 0.01096238321903019, 
        "fit": "average", 
        "value": 0.01382475951104425
    }
}