{
    "AX": {
        "error": 0.004968592608500373, 
        "fit": "average", 
        "value": -0.13438621309275428
    }, 
    "CDD": {
        "error": 1.613816799310627e-05, 
        "fit": "average", 
        "value": 0.00020627386984415353
    }, 
    "H1": {
        "error": 0.011809426314466326, 
        "fit": "average", 
        "value": 0.056283794281140824
    }, 
    "H2": {
        "error": 0.012208166850147925, 
        "fit": "average", 
        "value": 0.23964150717947633
    }, 
    "L1": {
        "error": 0.020802968380552102, 
        "fit": "average", 
        "value": -0.24609874292121578
    }, 
    "L2": {
        "error": 0.011949379539519687, 
        "fit": "average", 
        "value": 0.0019820289506848592
    }
}