{
    "AX": {
        "error": 0.006978345074643243, 
        "fit": "average", 
        "value": 0.03272518886563679
    }, 
    "CDD": {
        "error": 1.5506763526298847e-05, 
        "fit": "average", 
        "value": 0.00012732954928651452
    }, 
    "H1": {
        "error": 0.013935902922086489, 
        "fit": "average", 
        "value": 0.013512777322385873
    }, 
    "H2": {
        "error": 0.011724473403365729, 
        "fit": "average", 
        "value": -0.005084958910528157
    }, 
    "L1": {
        "error": 0.019886068154722675, 
        "fit": "average", 
        "value": -0.019847500328129777
    }, 
    "L2": {
        "error": 0.015300114037613884, 
        "fit": "average", 
        "value": -0.017307498793686843
    }
}