{
    "AX": {
        "error": 0.00687972057224345, 
        "fit": "average", 
        "value": 0.030563780111778113
    }, 
    "CDD": {
        "error": 1.7318165481142304e-05, 
        "fit": "average", 
        "value": 0.0001578886417620298
    }, 
    "H1": {
        "error": 0.013007345540551782, 
        "fit": "average", 
        "value": 0.04306691702351802
    }, 
    "H2": {
        "error": 0.013089704292179824, 
        "fit": "average", 
        "value": -0.015090702912291615
    }, 
    "L1": {
        "error": 0.023563484067461265, 
        "fit": "average", 
        "value": 0.006415656296950248
    }, 
    "L2": {
        "error": 0.015113856012500584, 
        "fit": "average", 
        "value": 0.018394103271162345
    }
}