{
    "Ar36": {
        "error": 0.0068246451654142923, 
        "fit": "parabolic", 
        "value": 10.535086917676875
    }, 
    "Ar37": {
        "error": 0.014701082929141124, 
        "fit": "linear", 
        "value": 0.029356040565621532
    }, 
    "Ar38": {
        "error": 0.021981843916989676, 
        "fit": "linear", 
        "value": 1.919343339588147
    }, 
    "Ar39": {
        "error": 0.010773966631008934, 
        "fit": "parabolic", 
        "value": 0.018786421131396933
    }, 
    "Ar40": {
        "error": 0.13150303480121564, 
        "fit": "parabolic", 
        "value": 3278.3221139550769
    }, 
    "Ar41": {
        "error": 0.0062676138740838747, 
        "fit": "average", 
        "value": -0.024582292626146227
    }
}