{
    "Ar36": {
        "error": 0.0068386366855543333, 
        "fit": "parabolic", 
        "value": 10.570139325585789
    }, 
    "Ar37": {
        "error": 0.013626187928999748, 
        "fit": "linear", 
        "value": 0.060587111513842905
    }, 
    "Ar38": {
        "error": 0.032861272405473714, 
        "fit": "linear", 
        "value": 2.0867612049328033
    }, 
    "Ar39": {
        "error": 0.012132079649189815, 
        "fit": "parabolic", 
        "value": 0.017685008103101175
    }, 
    "Ar40": {
        "error": 0.12113516968785318, 
        "fit": "parabolic", 
        "value": 3289.4150891816962
    }, 
    "Ar41": {
        "error": 0.0059941014843544523, 
        "fit": "average", 
        "value": 0.3152997031644918
    }
}