{
    "Ar36": {
        "error": 0.00023614985282921657, 
        "fit": "parabolic", 
        "value": 0.0050447061003659798
    }, 
    "Ar37": {
        "error": 0.013479212834955078, 
        "fit": "linear", 
        "value": 0.037784175572704207
    }, 
    "Ar38": {
        "error": 0.022256209407383355, 
        "fit": "linear", 
        "value": -0.27552957418127932
    }, 
    "Ar39": {
        "error": 0.011162909678764635, 
        "fit": "parabolic", 
        "value": -0.12211540001437521
    }, 
    "Ar40": {
        "error": 0.023558410837604859, 
        "fit": "parabolic", 
        "value": 1.1418271589975761
    }, 
    "Ar41": {
        "error": 0.0061564553232615338, 
        "fit": "average", 
        "value": -0.032376410566462253
    }
}