{
    "Ar36": {
        "error": 0.00019946791700527135, 
        "fit": "parabolic", 
        "value": 0.004436912275039462
    }, 
    "Ar37": {
        "error": 0.014565062024145908, 
        "fit": "linear", 
        "value": 0.022024480207447884
    }, 
    "Ar38": {
        "error": 0.023261688844387462, 
        "fit": "linear", 
        "value": -0.25633104560659908
    }, 
    "Ar39": {
        "error": 0.010834592329821719, 
        "fit": "parabolic", 
        "value": -0.12316097864948833
    }, 
    "Ar40": {
        "error": 0.02267107986027293, 
        "fit": "parabolic", 
        "value": 1.0353312759207625
    }, 
    "Ar41": {
        "error": 0.0066660423689420632, 
        "fit": "average", 
        "value": 0.23092275303206405
    }
}