{
    "Ar36": {
        "error": 0.00028174533607320677, 
        "fit": "parabolic", 
        "value": 0.0067431505228963858
    }, 
    "Ar37": {
        "error": 0.013858159224329111, 
        "fit": "linear", 
        "value": 0.048893339072079767
    }, 
    "Ar38": {
        "error": 0.030062902094776436, 
        "fit": "linear", 
        "value": 0.038878219333413233
    }, 
    "Ar39": {
        "error": 0.011575500951879853, 
        "fit": "parabolic", 
        "value": 0.054578419655275816
    }, 
    "Ar40": {
        "error": 0.022317878647176305, 
        "fit": "parabolic", 
        "value": 1.6947627119861735
    }, 
    "Ar41": {
        "error": 0.0064985132522238495, 
        "fit": "average", 
        "value": -0.013617149689234793
    }
}