{
    "Ar36": {
        "error": 0.0001948307667088812, 
        "fit": "parabolic", 
        "value": 0.0041916632552267876
    }, 
    "Ar37": {
        "error": 0.014131421878902628, 
        "fit": "linear", 
        "value": -0.0030247635968757179
    }, 
    "Ar38": {
        "error": 0.030144964287720819, 
        "fit": "linear", 
        "value": 0.082801039706888332
    }, 
    "Ar39": {
        "error": 0.011209702275253697, 
        "fit": "parabolic", 
        "value": 0.032851543832216286
    }, 
    "Ar40": {
        "error": 0.022341654987658031, 
        "fit": "parabolic", 
        "value": 1.008898845425839
    }, 
    "Ar41": {
        "error": 0.0064984952155442968, 
        "fit": "average", 
        "value": -0.034532162650139073
    }
}