{
    "Ar36": {
        "error": 0.00020410789033893892, 
        "fit": "parabolic", 
        "value": 0.003549380315589829
    }, 
    "Ar37": {
        "error": 0.014034769858933488, 
        "fit": "linear", 
        "value": 0.13668049603635679
    }, 
    "Ar38": {
        "error": 0.017592077733425519, 
        "fit": "linear", 
        "value": -0.17726516596812569
    }, 
    "Ar39": {
        "error": 0.0098868588497256372, 
        "fit": "parabolic", 
        "value": 0.017845994029301628
    }, 
    "Ar40": {
        "error": 0.02213646357603824, 
        "fit": "parabolic", 
        "value": 0.77473353921914268
    }, 
    "Ar41": {
        "error": 0.0061158370502133021, 
        "fit": "average", 
        "value": 0.22226995999342761
    }
}