{
    "Ar36": {
        "error": 0.00025739308836345335, 
        "fit": "parabolic", 
        "value": 0.013889536726254615
    }, 
    "Ar37": {
        "error": 0.01364701547864057, 
        "fit": "linear", 
        "value": 0.047352712224714891
    }, 
    "Ar38": {
        "error": 0.013959650705223224, 
        "fit": "linear", 
        "value": -0.17466885819579572
    }, 
    "Ar39": {
        "error": 0.019747977409997234, 
        "fit": "parabolic", 
        "value": 0.033729858406043395
    }, 
    "Ar40": {
        "error": 0.022194433399457987, 
        "fit": "parabolic", 
        "value": 4.2080878719391164
    }, 
    "Ar41": {
        "error": 0.0068875429737492617, 
        "fit": "average", 
        "value": -0.058265678980096706
    }
}